user_id,exer_id,score
0,8,0
1,3,0
1,6,0
2,3,1
3,3,1
3,6,1
4,4,0
5,5,0
6,0,0
6,2,0
6,3,1
6,6,0
7,3,0
7,4,1
8,1,0
8,3,0
8,4,0
8,6,0
8,8,0
9,5,0
10,2,0
10,3,0
10,6,0
11,0,0
11,3,1
11,5,0
12,2,0
13,0,0
13,2,0
13,3,0
13,4,1
13,5,0
13,6,0
14,8,0
15,3,1
15,4,1
15,6,0
15,8,0
16,2,1
17,2,0
17,3,0
17,4,0
17,8,1
18,2,0
18,4,0
19,3,0
19,6,1
19,8,1
20,3,0
21,4,0
22,2,1
23,2,0
24,2,1
24,4,1
25,3,0
26,5,0
27,3,0
27,4,0
27,6,0
28,8,0
29,2,1
29,3,1
29,4,1
30,5,1
31,0,0
31,2,0
31,3,1
31,6,0
32,3,1
32,4,0
32,6,0
33,1,0
33,3,0
33,4,1
33,6,1
34,8,1
35,8,0
36,4,1
37,0,0
37,1,1
37,2,1
37,3,1
37,4,1
37,6,1
38,2,0
39,3,0
40,2,1
41,4,0
42,3,0
42,6,1
43,6,1
44,1,0
45,1,0
45,4,0
45,8,1
46,2,1
46,4,1
47,2,1
48,4,0
49,0,0
49,2,1
49,3,0
49,4,1
49,5,0
49,6,0
50,2,0
50,3,0
50,4,0
50,6,1
51,5,0
52,3,0
52,6,1
53,2,0
53,3,0
53,4,0
53,6,1
54,1,1
54,2,0
54,4,1
54,6,1
54,8,0
55,3,0
55,4,0
56,2,0
57,2,0
57,8,1
58,2,0
58,3,1
58,6,1
59,1,0
59,8,0
60,3,1
60,4,1
60,6,1
60,8,1
61,0,1
61,2,0
61,3,0
61,4,0
61,5,0
61,6,0
62,1,1
63,2,0
64,5,0
65,3,0
65,4,0
65,6,0
66,2,0
66,3,1
66,6,1
66,8,1
67,1,0
67,2,1
67,3,1
67,4,0
67,6,1
67,8,1
68,3,0
68,6,0
69,0,0
69,2,0
69,3,1
69,4,1
69,6,1
70,4,1
71,3,0
71,4,1
71,6,1
72,0,0
72,1,0
73,3,0
73,6,1
74,2,0
74,3,1
75,0,0
75,2,0
75,3,0
75,4,1
75,6,1
76,8,1
77,3,0
77,4,0
77,6,1
78,5,0
79,3,1
79,6,1
80,1,1
80,2,0
80,3,1
80,4,1
80,6,1
80,8,0
81,3,0
81,4,0
81,5,0
81,6,0
82,2,1
82,4,0
83,2,1
83,4,1
84,2,1
84,3,1
84,4,1
84,6,1
85,3,1
85,6,1
86,0,0
86,2,1
87,3,0
87,4,1
87,6,0
88,1,0
89,6,0
90,2,1
90,3,1
90,6,1
91,3,1
91,6,1
92,3,1
92,6,1
93,0,0
93,2,0
93,3,0
93,4,1
93,5,0
93,6,1
94,2,1
94,3,0
94,4,1
94,5,0
94,6,1
95,8,1
96,2,1
96,4,1
96,8,0
97,4,0
98,1,0
98,4,1
98,5,0
98,8,0
99,2,0
99,4,0
100,4,1
100,6,1
101,2,1
102,5,0
103,8,1
104,2,0
104,3,0
104,4,0
104,6,0
105,0,0
105,2,0
105,3,1
105,4,1
105,6,0
106,1,0
107,3,1
107,4,0
107,6,0
107,8,0
108,4,1
109,0,0
109,2,0
109,5,0
110,2,0
110,3,1
110,4,1
110,6,1
110,8,0
111,4,1
112,5,0
113,4,1
114,3,0
115,3,1
115,4,1
115,6,0
116,8,1
117,3,1
117,4,1
117,6,1
118,1,0
119,3,0
119,6,0
120,5,0
121,5,0
122,2,0
122,3,0
122,4,0
122,7,1
123,8,1
124,1,1
124,2,1
124,4,1
125,3,1
125,6,1
125,8,0
126,6,0
127,3,0
128,3,1
128,4,1
128,5,0
128,6,0
129,8,0
130,2,0
131,0,0
131,3,1
131,4,0
131,5,0
132,3,1
133,3,1
134,2,1
135,4,1
136,2,0
136,4,0
137,3,1
137,4,1
137,6,0
138,0,0
138,2,1
138,3,1
138,6,1
139,2,1
139,4,1
140,3,1
141,3,0
142,1,0
142,3,1
143,4,1
144,1,1
144,7,1
145,4,0
146,2,0
147,2,0
147,3,1
147,4,1
147,6,1
147,8,0
148,1,1
148,2,1
149,2,0
149,5,0
149,7,1
150,3,1
151,3,0
151,4,1
152,3,0
152,4,1
152,6,1
153,2,1
153,4,1
154,2,0
155,4,0
156,3,0
156,4,0
156,6,1
157,8,1
158,2,0
158,3,0
158,6,0
159,0,0
159,3,0
159,6,0
160,0,0
160,2,0
160,4,1
161,1,0
161,3,1
161,4,1
161,6,0
162,2,1
162,3,0
162,4,1
162,6,1
163,2,1
163,3,1
163,4,1
163,6,1
164,3,1
164,4,1
164,6,0
164,8,1
165,3,0
165,6,0
166,2,1
166,3,1
166,4,1
166,6,1
167,3,1
167,4,1
167,6,1
168,5,0
169,6,0
170,3,1
171,3,1
171,6,1
172,5,0
173,0,0
173,1,0
173,2,1
173,3,1
173,4,1
173,5,0
173,6,1
173,8,1
174,5,0
175,3,0
175,4,1
175,6,0
176,3,1
176,6,1
177,1,0
177,3,1
177,4,1
177,6,1
178,1,0
179,2,0
180,4,1
181,5,0
182,0,0
183,3,1
183,4,1
183,6,1
184,5,0
185,2,1
186,2,1
186,3,1
186,4,1
186,6,1
187,3,1
187,4,0
187,6,0
188,4,1
189,2,0
189,8,0
190,8,1
191,3,1
191,4,1
191,5,0
191,6,1
192,3,1
192,4,1
192,6,1
193,1,0
193,3,0
193,4,0
193,6,0
193,8,0
194,3,1
194,4,1
194,6,0
195,3,1
196,2,1
196,4,1
197,8,1
198,8,0
199,3,1
199,4,1
199,6,1
200,1,1
201,4,0
202,4,0
203,3,0
203,4,0
203,6,0
204,5,0
205,2,0
206,8,0
207,0,0
207,1,0
207,2,0
207,3,1
207,4,0
207,5,0
207,6,0
207,8,1
208,2,0
208,5,0
209,3,0
210,3,1
210,4,1
211,1,1
211,2,1
211,4,0
212,3,0
212,4,1
212,6,1
213,2,1
213,3,1
213,4,0
213,6,1
213,8,0
214,3,1
215,2,0
215,4,0
216,3,1
216,6,0
217,3,1
217,4,1
217,6,0
218,8,1
219,2,0
220,0,0
220,2,0
220,3,1
220,6,0
221,3,1
222,1,0
222,3,1
222,4,1
222,6,1
222,8,0
223,3,0
223,6,1
224,3,0
224,4,0
224,6,0
224,8,1
225,3,0
225,4,0
226,3,0
226,4,1
226,6,0
227,2,0
227,4,1
228,1,1
228,4,1
228,8,0
229,8,1
230,6,0
231,0,0
231,2,0
231,3,0
231,4,1
231,5,0
231,6,1
232,3,0
233,4,0
234,3,1
235,5,0
236,3,0
236,4,1
236,6,1
237,0,0
237,3,0
237,4,0
237,5,0
237,6,0
238,4,0
239,3,1
240,3,1
240,6,1
241,2,1
241,8,1
242,3,1
242,4,1
242,6,0
242,8,0
243,3,1
243,4,1
243,6,1
244,4,0
244,8,1
245,3,1
246,1,0
246,3,1
247,3,1
247,6,0
248,2,1
248,4,1
249,6,1
250,2,0
250,3,1
250,4,1
250,5,0
250,6,0
251,2,0
252,5,0
253,4,0
254,3,1
254,4,1
254,6,1
255,3,1
256,0,0
256,2,1
256,3,0
256,4,0
256,5,0
256,6,0
257,5,0
258,2,0
258,4,1
259,2,0
259,3,0
259,5,0
259,6,0
260,8,0
261,6,1
262,1,0
262,8,0
263,3,0
264,0,0
264,2,0
264,5,0
265,3,1
265,6,0
266,4,1
267,0,1
267,2,1
267,3,1
267,4,1
267,5,0
267,6,1
268,4,1
269,2,0
270,3,1
270,6,1
271,8,1
272,2,0
272,3,1
272,6,1
273,1,0
273,3,0
273,4,0
273,7,1
274,3,1
275,3,0
275,4,0
275,6,0
276,3,0
276,6,0
277,4,0
278,0,0
278,2,0
279,3,1
280,3,0
280,4,1
280,6,1
281,4,0
282,1,1
282,8,0
283,3,1
283,4,1
283,6,1
283,8,1
284,3,1
284,6,0
285,3,0
285,6,0
286,8,0
287,1,0
288,2,0
288,4,1
289,2,1
289,3,1
289,4,1
289,6,1
290,3,1
290,4,1
290,6,0
291,3,1
291,4,0
291,6,0
292,5,0
293,0,1
293,2,1
293,3,1
293,4,1
293,6,1
294,5,0
295,3,1
295,4,1
295,6,0
296,3,0
297,4,1
298,0,0
298,2,0
299,7,0
300,2,0
301,1,0
301,3,0
301,4,0
302,3,0
302,4,0
302,6,0
303,1,1
304,5,0
305,2,0
305,3,1
305,4,1
305,6,1
305,8,1
306,3,0
307,2,1
307,3,1
307,4,1
307,8,1
308,0,0
308,2,1
308,3,1
308,4,0
308,6,1
309,3,1
309,4,1
309,6,1
310,0,0
310,2,0
311,4,1
311,6,1
311,8,1
312,2,0
313,3,1
313,6,1
314,2,1
315,0,0
316,5,0
317,5,1
318,8,0
319,2,0
319,3,0
319,6,0
320,3,1
320,6,1
321,4,1
322,4,0
323,2,1
324,3,1
324,4,0
325,3,0
325,4,0
325,6,0
326,4,0
326,6,0
327,5,0
328,2,0
328,3,1
328,6,1
329,2,1
330,2,1
330,4,1
331,3,0
331,4,1
331,6,0
331,8,0
332,2,0
333,3,0
333,4,1
333,6,1
334,3,1
335,4,1
336,3,0
336,6,0
337,0,1
337,2,1
337,3,1
337,4,1
337,6,1
338,3,1
338,6,0
339,8,0
340,0,0
340,2,0
340,3,0
340,6,0
341,0,0
341,2,1
341,3,1
341,4,0
341,6,1
342,8,1
343,3,1
343,4,0
343,6,0
344,0,0
344,2,1
344,3,1
344,4,1
344,6,0
345,0,0
345,2,1
345,3,1
345,4,1
345,5,0
345,6,1
346,1,1
347,2,0
347,3,0
347,4,1
347,5,1
347,6,0
348,3,0
348,4,1
349,4,1
350,8,0
351,0,1
351,2,0
351,3,1
351,4,1
351,5,1
351,6,1
352,2,1
352,4,1
353,2,1
354,3,1
355,6,0
356,5,1
357,3,0
358,5,0
359,5,0
360,3,0
360,4,0
360,6,0
361,3,0
361,4,1
361,6,0
361,8,1
362,3,1
363,2,0
364,4,0
365,2,0
365,3,1
365,4,1
365,6,0
365,8,0
366,6,1
367,2,1
367,3,0
367,4,1
367,5,0
367,6,1
368,0,0
368,2,1
368,3,1
368,4,1
368,5,0
368,6,0
369,0,1
369,2,0
369,3,0
369,4,1
369,6,1
370,0,0
370,2,1
370,3,1
370,4,1
370,6,1
371,0,1
371,2,1
371,3,1
371,4,1
371,5,0
371,6,0
372,3,0
372,6,0
373,2,1
373,3,0
373,6,0
374,2,0
375,3,1
375,4,0
375,6,1
376,3,0
376,4,0
376,6,1
377,1,1
378,6,1
378,8,0
379,8,1
380,2,1
381,1,1
381,3,0
381,4,1
381,6,1
381,8,1
382,2,0
383,3,1
383,4,0
383,6,1
384,4,1
385,2,1
385,3,1
385,6,1
386,3,0
386,4,1
386,6,0
387,3,0
387,4,1
388,2,1
388,4,1
389,4,1
389,6,1
390,0,0
390,2,0
390,3,1
390,4,0
390,6,1
391,5,0
392,3,1
392,4,1
392,6,1
393,3,1
393,6,1
394,7,0
395,2,0
396,3,1
396,6,1
397,0,0
397,2,1
397,3,0
397,6,1
398,8,0
399,8,1
400,1,0
400,3,1
400,4,1
401,1,1
402,1,1
402,2,1
402,3,1
402,4,1
402,6,1
402,8,0
403,3,0
404,4,1
405,1,1
405,3,0
406,2,0
407,2,0
407,3,0
407,4,0
407,5,0
407,6,1
408,3,1
409,3,0
410,4,0
411,4,1
412,3,0
413,0,0
413,2,0
413,5,0
414,6,0
415,1,1
415,2,1
415,4,1
415,5,0
416,3,0
416,4,0
417,8,1
418,0,0
418,2,0
418,3,0
418,4,1
418,5,0
418,6,0
419,4,0
420,2,1
420,3,1
421,3,1
421,4,1
422,3,1
422,6,1
423,2,1
423,4,0
423,8,0
424,1,0
424,3,1
424,4,1
424,6,0
425,2,0
425,4,1
425,8,1
426,3,1
427,2,0
427,3,1
427,4,1
427,6,1
427,8,1
428,2,0
429,4,0
430,1,1
431,3,1
431,6,0
432,1,1
432,3,0
433,5,0
434,5,0
435,3,1
435,6,1
436,3,1
436,6,1
436,8,1
437,3,1
437,6,1
438,3,0
439,0,0
439,2,1
440,3,0
441,2,1
442,3,1
442,4,1
442,6,1
443,3,0
443,4,0
444,0,0
444,2,1
444,3,1
444,6,0
445,7,1
446,3,0
446,6,1
447,4,1
447,8,1
448,4,1
449,5,0
450,6,0
451,8,1
452,2,0
453,3,0
453,4,1
453,6,0
454,4,0
455,8,1
456,3,0
456,4,1
456,6,1
457,2,0
457,3,0
457,4,1
457,6,1
457,8,0
458,0,0
458,2,1
459,1,0
460,3,1
461,3,0
462,8,0
463,3,0
463,6,0
464,3,0
464,4,0
464,6,1
465,1,0
466,5,0
467,3,0
467,4,1
468,6,0
469,8,1
470,3,1
470,4,1
471,3,0
471,6,0
471,8,1
472,3,1
473,3,0
473,4,1
473,6,1
473,8,1
474,2,1
474,4,1
475,3,0
476,3,1
476,6,1
477,3,0
477,4,1
477,6,0
478,5,0
479,3,1
479,6,1
479,8,0
480,3,1
480,4,0
480,6,1
481,1,0
481,2,0
481,3,0
481,4,0
482,4,1
483,0,0
483,2,0
483,3,0
483,4,1
483,6,0
484,4,1
485,0,0
485,2,1
485,3,0
485,4,1
485,5,0
485,6,1
485,8,1
486,6,1
487,4,0
488,2,0
488,4,1
489,4,1
490,3,1
490,4,1
490,6,1
491,4,1
491,7,1
492,2,0
492,3,0
492,4,0
492,6,0
492,8,0
493,3,1
494,3,1
494,4,1
495,3,1
495,4,0
496,6,1
497,3,1
497,4,1
498,0,0
498,2,0
498,3,1
498,4,1
498,5,0
498,6,1
499,1,0
499,2,0
499,4,1
500,5,0
501,4,1
501,8,0
502,5,0
503,8,1
504,2,1
504,3,1
504,4,1
504,6,1
505,0,0
505,2,0
506,4,0
507,2,0
507,3,1
507,4,0
507,6,1
508,4,1
509,1,1
510,0,0
510,2,1
510,3,0
510,4,1
510,5,0
510,6,1
511,3,1
511,4,1
511,6,0
512,3,0
512,6,1
513,4,1
514,3,1
514,4,1
514,6,1
514,8,1
515,1,0
516,3,0
516,4,0
516,6,1
516,8,1
517,2,1
517,3,1
517,4,1
517,6,0
518,4,1
519,8,1
520,2,1
520,5,0
521,3,1
521,6,0
522,3,0
522,4,0
522,6,0
522,8,1
523,4,0
524,2,1
525,8,1
526,2,1
526,3,1
526,4,1
526,6,1
526,8,0
527,4,1
528,6,0
529,5,0
530,3,0
530,4,1
530,6,0
530,8,0
531,3,1
531,6,1
531,8,0
532,3,1
532,6,1
532,8,1
533,3,1
533,8,1
534,2,0
534,3,1
534,4,1
534,6,0
535,3,1
536,3,1
536,6,0
537,2,0
537,3,1
538,4,0
539,5,0
540,3,1
541,3,0
541,4,1
541,6,0
541,8,1
542,3,1
542,4,1
542,6,1
543,2,0
543,7,0
544,3,0
544,4,1
544,6,0
544,8,0
545,3,1
545,4,0
545,6,1
546,3,1
546,4,1
546,6,1
547,1,0
548,3,0
548,6,1
549,3,1
549,4,1
549,6,1
550,3,1
550,4,1
550,6,1
551,3,1
551,4,0
551,6,0
551,8,0
552,3,1
552,4,0
552,6,0
553,3,0
554,3,0
555,5,0
556,3,1
556,4,1
556,6,0
557,4,0
558,0,0
558,3,0
559,3,1
559,4,1
559,6,1
559,8,1
560,3,0
560,4,0
561,5,0
562,3,1
562,4,0
562,6,1
563,2,1
563,3,0
563,4,1
563,6,1
563,8,0
564,1,0
564,3,0
565,2,0
565,3,0
565,4,0
565,5,0
565,6,0
566,5,0
567,5,0
568,4,1
569,3,0
570,3,1
570,4,1
570,6,1
570,8,1
571,7,1
572,3,1
572,4,1
572,6,1
573,3,0
573,4,0
573,6,0
574,3,0
574,6,0
575,3,1
575,6,1
576,2,0
576,3,1
576,4,1
576,5,0
576,6,1
577,3,0
577,4,1
577,6,0
578,3,0
578,6,1
579,0,0
579,2,0
579,3,1
579,4,1
579,5,0
579,6,1
579,8,0
580,8,1
581,3,1
581,6,0
582,8,1
583,6,0
584,3,1
585,8,0
586,8,0
587,2,1
588,4,0
588,6,0
589,2,0
589,6,1
589,7,1
589,8,0
590,3,1
591,2,0
591,4,1
592,3,1
592,6,0
593,2,0
593,3,1
593,4,1
593,6,1
593,8,1
594,3,0
594,6,0
595,3,1
595,5,0
596,3,1
597,2,1
598,2,0
598,3,1
598,6,1
599,0,1
599,1,1
599,2,0
599,3,1
599,4,1
599,6,1
599,8,0
600,1,0
601,2,0
601,3,0
601,6,0
602,4,1
603,3,0
603,6,1
604,3,1
604,4,0
604,6,0
604,8,0
605,4,1
606,1,0
607,5,0
608,3,0
609,2,0
609,3,0
609,4,0
610,2,0
610,3,1
610,6,0
611,3,0
612,2,1
613,3,0
613,4,1
613,6,1
613,8,0
614,2,0
614,3,0
614,4,0
614,6,0
614,8,1
615,0,0
615,2,0
616,7,1
617,2,0
617,3,1
617,4,0
617,5,0
617,6,0
618,5,0
619,1,1
620,3,1
620,4,0
620,6,1
621,2,0
621,4,0
622,2,0
622,3,0
622,4,1
622,6,0
623,1,0
623,3,1
623,6,1
624,6,0
625,2,1
625,4,0
625,8,1
626,5,0
627,8,0
628,2,0
628,3,1
628,4,1
628,6,1
629,3,1
629,4,1
629,6,0
630,3,0
630,6,0
631,3,1
631,4,1
631,6,1
631,8,1
632,2,0
632,3,0
632,4,1
632,6,1
633,2,0
634,5,1
635,8,1
636,4,1
636,5,0
637,8,0
638,2,1
638,4,1
638,6,0
638,8,0
639,3,0
640,3,1
641,2,1
641,4,1
642,0,0
642,2,0
642,3,0
642,4,0
642,5,0
642,6,0
643,5,0
644,3,1
645,0,0
645,3,0
645,6,0
646,5,0
647,8,0
648,3,1
648,4,1
649,3,0
649,4,0
649,6,0
650,0,0
650,1,1
650,2,0
650,3,0
650,5,0
650,6,1
651,1,0
652,3,1
652,4,1
652,6,1
653,2,1
653,3,1
653,4,1
653,5,0
653,6,0
654,8,1
655,3,1
655,4,1
655,6,0
656,1,0
657,3,1
657,6,1
658,8,0
659,3,1
659,4,0
659,6,0
660,0,0
660,1,0
660,2,0
661,3,1
661,4,0
661,6,1
662,5,0
663,2,0
663,3,0
663,4,0
663,6,0
664,5,0
664,8,0
665,8,1
666,4,1
667,3,1
668,3,1
669,3,1
669,6,0
670,2,0
670,3,1
670,4,1
671,3,0
671,4,0
672,2,1
673,3,1
673,6,1
673,8,0
674,0,0
674,2,0
674,3,0
674,4,1
674,5,0
674,6,0
675,7,1
676,8,1
677,2,1
678,3,0
678,4,1
678,6,0
678,8,0
679,3,0
679,4,0
679,6,0
680,3,0
680,6,0
680,8,0
681,3,0
682,4,1
683,3,0
684,5,0
685,0,0
686,2,0
687,2,1
688,2,1
689,0,0
689,2,0
689,3,1
689,6,1
690,1,1
691,2,0
691,3,0
691,4,0
691,5,0
691,6,0
691,8,0
692,8,1
693,2,1
694,4,0
695,3,1
695,4,1
695,6,1
696,8,0
697,2,0
697,3,0
697,4,1
697,5,0
697,6,1
698,3,0
698,4,0
699,3,1
699,4,0
699,6,1
699,8,0
700,2,1
701,5,0
702,2,1
703,2,1
704,1,1
705,5,0
706,3,1
706,6,0
707,3,0
707,4,1
707,6,0
708,6,0
709,0,0
709,2,0
710,3,0
711,2,0
711,4,1
711,8,1
712,8,1
713,3,0
713,6,1
714,2,1
715,2,0
715,3,0
715,4,1
715,6,0
715,8,1
716,2,0
716,3,1
716,4,0
716,6,1
717,2,0
718,5,0
719,0,0
719,2,0
719,5,0
720,5,0
721,0,0
721,2,1
721,3,1
721,4,1
721,6,1
722,1,1
722,2,0
722,3,0
722,4,1
722,6,1
722,8,1
723,6,0
724,1,1
724,7,1
724,8,1
725,0,0
725,3,0
725,6,1
726,7,1
727,2,1
728,3,1
728,4,0
728,6,0
729,5,0
730,3,1
731,2,1
731,3,1
731,4,1
731,6,1
732,4,1
733,1,1
733,2,0
733,3,1
733,4,1
733,6,1
733,8,1
734,2,0
734,3,0
734,4,0
734,5,0
734,6,0
735,3,1
735,6,1
736,3,1
736,4,1
736,6,0
737,2,0
738,2,0
738,3,1
738,4,1
738,6,0
739,4,1
740,2,1
740,3,1
740,4,0
740,6,0
740,8,1
741,6,0
742,4,1
743,2,0
743,3,1
743,4,1
743,6,1
743,8,1
744,1,0
744,3,1
744,4,1
745,1,0
746,0,1
746,1,1
746,2,1
746,3,1
746,4,1
746,5,0
746,6,1
747,3,1
747,4,0
748,5,0
749,3,0
749,4,1
749,6,1
749,8,1
750,2,0
750,4,1
751,1,1
751,2,1
751,4,1
751,5,1
751,7,1
751,8,1
752,5,0
753,4,0
754,0,0
754,2,1
754,5,0
755,3,0
756,3,0
756,4,1
756,6,1
757,1,1
758,8,1
759,3,0
759,6,0
760,2,0
760,4,1
761,2,1
761,4,1
762,2,1
762,3,1
762,4,1
762,6,1
762,8,1
763,3,0
763,6,0
764,3,0
764,6,1
764,8,1
765,2,1
765,3,1
765,4,1
765,6,1
765,8,0
766,4,0
767,3,1
767,6,0
768,2,1
768,3,1
768,6,1
769,3,1
769,4,1
769,6,1
770,3,0
770,6,0
770,8,0
771,3,1
771,4,1
771,6,1
772,2,0
773,2,0
773,3,0
774,3,1
774,4,1
774,6,1
775,4,1
776,3,0
776,6,0
777,3,0
778,2,0
778,3,1
778,4,1
778,6,1
779,5,0
780,3,0
780,4,1
780,8,0
781,3,1
781,6,1
782,2,0
782,3,1
782,4,0
782,6,1
783,2,0
783,3,0
783,4,0
783,6,0
784,8,1
785,4,0
786,1,0
787,4,0
788,1,1
788,2,1
788,3,1
788,4,1
788,6,1
788,8,1
789,3,0
789,4,1
789,6,0
790,3,1
790,4,1
790,6,0
791,5,0
792,8,0
793,8,1
794,1,1
795,0,0
795,2,0
796,5,0
797,2,1
797,8,1
798,2,1
799,5,0
800,3,0
800,6,0
801,0,0
801,2,0
801,3,1
801,4,1
801,6,1
802,3,1
802,6,0
803,8,1
804,3,1
804,4,0
804,6,0
804,8,1
805,2,0
805,3,0
805,4,1
805,5,0
805,6,0
806,3,1
806,6,1
806,8,1
807,0,0
807,2,1
807,3,1
807,4,1
807,6,1
808,4,1
808,6,1
809,2,0
809,3,0
809,6,1
809,8,0
810,0,0
810,2,0
810,5,0
811,1,0
811,8,0
812,6,1
813,4,0
814,3,1
814,4,1
814,6,1
815,1,1
815,2,1
815,4,1
816,2,0
816,3,0
817,2,0
818,3,1
818,6,1
819,1,0
819,2,0
819,3,1
819,4,0
820,4,1
820,5,0
820,6,1
821,4,0
822,2,0
822,3,1
822,4,1
822,6,1
823,2,0
824,8,0
825,0,0
825,3,1
826,3,1
826,6,1
826,8,0
827,3,0
827,6,0
828,0,0
828,2,0
828,3,1
828,4,0
828,6,1
829,3,1
829,6,1
830,3,0
830,6,1
831,3,1
831,4,1
831,6,1
832,4,1
833,1,1
833,2,1
833,4,0
833,8,1
834,2,0
834,3,1
834,6,0
835,3,1
836,3,1
837,3,1
837,6,1
838,1,1
838,2,0
838,3,1
838,4,1
838,6,0
838,8,1
839,5,0
840,2,1
840,4,1
841,2,1
841,3,1
841,6,0
842,4,0
843,0,0
843,2,0
843,3,1
843,4,1
844,3,0
844,6,0
844,8,0
845,3,1
845,6,1
845,8,1
846,3,1
847,8,0
848,5,0
849,3,0
850,3,1
850,4,0
850,6,0
851,8,0
852,3,1
852,4,0
852,6,1
853,4,1
854,5,0
855,1,0
856,2,0
857,7,1
858,3,0
858,6,1
859,2,1
860,0,1
860,2,1
860,3,1
860,4,1
860,5,0
860,6,1
861,3,0
861,8,0
862,4,1
863,3,0
864,2,0
864,3,0
864,4,0
865,2,0
865,3,0
865,4,0
865,5,0
865,6,0
866,3,0
866,4,1
866,6,1
867,1,0
868,2,0
868,3,0
868,4,1
868,5,0
869,3,1
869,4,1
870,0,0
870,2,0
870,3,0
870,4,0
870,5,0
870,6,0
871,5,0
872,2,1
873,4,0
874,3,1
874,6,1
875,5,0
876,3,0
876,4,0
876,6,1
877,3,0
878,5,0
879,3,0
879,4,1
880,3,0
880,4,0
880,6,1
880,8,0
881,5,0
882,2,1
882,3,0
882,4,0
882,6,0
883,4,1
884,3,1
884,6,0
885,2,0
885,3,0
885,4,0
885,5,0
885,6,0
886,8,0
887,3,0
887,4,0
887,6,1
888,3,1
888,4,1
888,6,0
888,8,1
889,2,0
889,3,0
889,4,1
889,6,0
890,2,1
890,3,1
890,4,1
890,6,1
891,0,1
891,2,0
891,3,1
891,4,1
891,5,1
891,6,1
892,3,0
892,4,0
892,6,1
893,3,1
893,6,0
894,6,0
895,3,0
895,4,0
895,6,0
896,2,1
896,3,0
896,6,1
897,2,0
897,3,0
897,4,1
897,5,0
897,6,0
898,2,1
898,3,1
898,4,1
898,6,1
899,3,0
899,4,0
899,6,0
900,4,0
901,2,0
901,3,1
902,3,1
902,4,1
902,6,0
903,8,1
904,2,0
905,2,1
906,0,0
906,4,0
906,6,1
907,2,1
908,3,0
908,4,0
908,6,0
909,8,1
910,6,1
911,1,1
912,0,0
912,2,0
912,3,1
912,4,1
912,5,0
912,6,1
913,8,1
914,7,1
915,2,1
915,3,1
915,4,1
915,6,1
916,3,0
916,4,1
917,5,0
918,3,0
919,3,1
919,6,0
920,4,1
921,8,0
922,4,0
923,0,0
923,2,1
923,3,1
923,4,1
923,5,0
923,6,1
924,3,1
925,8,1
926,4,0
927,0,1
927,2,0
927,3,0
927,4,1
927,5,0
927,6,0
928,0,0
929,3,1
929,4,1
929,5,0
929,6,1
930,4,1
931,2,0
932,3,1
932,6,1
932,8,1
933,5,0
934,3,0
935,3,1
935,4,0
935,6,0
936,3,0
936,4,0
936,6,0
937,3,1
937,6,1
938,1,0
938,3,1
938,6,0
938,8,0
939,3,0
939,4,1
939,5,0
939,6,1
940,2,0
940,3,1
940,4,0
940,6,0
941,3,0
941,4,1
941,6,0
941,8,0
942,3,1
942,6,0
943,2,0
943,3,0
943,4,0
943,6,0
944,2,1
945,1,0
945,2,1
945,3,1
945,4,1
945,6,0
945,8,1
946,3,1
946,4,1
946,6,1
947,3,1
947,6,0
948,1,0
949,2,1
950,5,0
951,6,1
952,5,0
953,3,1
953,4,1
953,6,1
953,8,1
954,2,0
954,3,1
954,6,1
955,3,1
955,4,1
955,6,1
955,8,1
956,5,0
957,3,0
957,6,0
958,2,1
958,3,0
958,6,1
959,5,0
960,5,0
961,0,0
961,2,1
961,3,1
961,4,1
961,5,0
961,6,1
962,3,1
962,8,1
963,3,1
963,6,0
964,5,0
965,0,0
965,2,0
965,3,0
965,4,1
965,6,1
966,8,0
967,2,1
968,3,0
969,3,1
970,8,1
971,3,1
971,6,1
972,6,0
973,3,0
973,4,0
973,6,0
974,3,1
974,4,1
974,6,1
975,0,0
975,2,0
976,5,0
977,5,0
978,4,0
979,2,1
979,8,0
980,8,1
981,2,1
981,6,1
982,3,0
982,6,1
983,5,0
984,4,0
985,3,1
985,4,0
986,4,0
987,4,0
988,3,0
988,6,1
989,3,1
989,4,0
989,6,0
990,2,0
990,3,1
990,4,1
991,8,0
992,4,0
993,3,0
993,4,1
993,6,1
994,0,0
994,2,0
995,2,0
996,4,1
997,6,0
998,3,0
998,5,0
999,4,0
1000,5,0
1001,8,0
1002,3,0
1002,4,0
1002,6,1
1003,2,0
1004,1,0
1004,2,1
1004,4,1
1005,3,1
1005,4,1
1005,6,1
1005,8,0
1006,8,1
1007,3,1
1007,4,0
1008,2,1
1008,3,0
1008,4,1
1008,5,0
1008,6,1
1009,5,0
1010,3,1
1010,4,1
1010,6,1
1010,8,1
1011,8,1
1012,1,0
1012,3,1
1012,4,1
1012,6,0
1012,8,1
1013,5,0
1014,3,0
1014,6,0
1015,3,0
1016,2,0
1016,3,1
1016,4,1
1016,6,1
1016,8,1
1017,3,0
1017,6,0
1018,3,1
1019,2,0
1019,3,1
1019,4,0
1019,6,1
1020,3,1
1020,4,1
1021,5,0
1022,5,0
1023,4,0
1024,2,1
1025,2,1
1025,3,1
1025,4,0
1025,6,0
1026,6,0
1026,8,0
1027,1,1
1028,5,0
1029,2,0
1030,3,1
1030,4,1
1030,6,1
1030,8,1
1031,8,0
1032,1,0
1032,2,0
1032,3,0
1033,0,0
1033,2,0
1033,5,0
1034,3,0
1035,3,1
1035,4,1
1035,6,1
1036,3,0
1037,8,0
1038,0,0
1039,0,0
1039,2,1
1039,3,1
1039,4,1
1039,5,0
1039,6,1
1040,2,0
1041,1,1
1042,2,1
1042,4,1
1043,2,1
1044,2,0
1045,1,1
1045,2,1
1045,3,1
1045,4,1
1045,6,1
1046,4,0
1047,4,1
1048,2,0
1048,3,0
1048,4,0
1048,6,1
1048,8,1
1049,4,1
1050,2,1
1050,4,1
1051,3,0
1051,4,1
1051,6,0
1052,1,1
1052,2,1
1052,3,1
1052,4,1
1052,6,1
1052,8,1
1053,1,1
1053,2,1
1053,3,1
1053,4,1
1053,6,1
1053,7,1
1053,8,0
1054,5,1
1055,2,1
1055,3,1
1055,4,1
1055,5,0
1055,6,0
1056,2,1
1057,5,0
1058,0,0
1058,2,0
1058,3,0
1058,6,0
1059,3,1
1059,4,1
1059,6,1
1060,0,0
1060,1,0
1060,2,0
1060,3,1
1060,4,1
1060,6,1
1061,3,0
1061,4,0
1061,6,0
1062,4,0
1063,5,0
1064,1,0
1064,3,0
1064,4,1
1064,6,0
1065,2,0
1066,2,1
1066,3,1
1066,6,1
1067,3,1
1067,6,1
1068,3,0
1069,2,1
1069,3,1
1069,4,1
1069,6,0
1070,3,1
1070,6,0
1071,5,0
1072,2,0
1073,2,0
1073,3,1
1073,4,0
1073,6,1
1073,8,0
1074,3,1
1075,6,1
1076,3,1
1076,4,1
1076,6,1
1077,3,0
1077,4,1
1077,5,0
1077,6,0
1078,2,0
1078,4,1
1079,4,0
1080,1,0
1081,4,1
1082,4,1
1083,2,1
1084,2,1
1084,4,1
1085,4,0
1086,3,1
1087,5,0
1088,3,1
1089,3,1
1089,4,1
1089,6,1
1090,3,1
1090,6,1
